,Name,Type,Score,Rank,Popularity,Members,URL
0,One Punch Man 2nd Season,TV (New),7.93,#660,#135,"452,048",https://myanimelist.net/anime/34134/One_Punch_Man_2nd_Season
1,Shingeki no Kyojin Season 3 Part 2,TV (New),9.04,#10,#432,"216,525",https://myanimelist.net/anime/38524/Shingeki_no_Kyojin_Season_3_Part_2
2,Kimetsu no Yaiba,TV (New),8.46,#130,#495,"197,106",https://myanimelist.net/anime/38000/Kimetsu_no_Yaiba
3,Isekai Quartet,TV (New),7.61,#1352,#802,"127,570",https://myanimelist.net/anime/38472/Isekai_Quartet
4,Fruits Basket (2019),TV (New),8.06,#492,#862,"119,393",https://myanimelist.net/anime/38680/Fruits_Basket_2019
5,Kenja no Mago,TV (New),7.29,#2489,#875,"117,790",https://myanimelist.net/anime/36407/Kenja_no_Mago
6,Bungou Stray Dogs 3rd Season,TV (New),8.33,#213,#1069,"93,566",https://myanimelist.net/anime/38003/Bungou_Stray_Dogs_3rd_Season
7,Fairy Gone,TV (New),6.10,#7683,#1121,"87,573",https://myanimelist.net/anime/39063/Fairy_Gone
8,Sewayaki Kitsune no Senko-san,TV (New),7.66,#1229,#1142,"85,882",https://myanimelist.net/anime/38759/Sewayaki_Kitsune_no_Senko-san
9,Bokutachi wa Benkyou ga Dekinai,TV (New),7.11,#3269,#1203,"81,976",https://myanimelist.net/anime/38186/Bokutachi_wa_Benkyou_ga_Dekinai
10,Carole & Tuesday,TV (New),8.30,#245,#1281,"77,190",https://myanimelist.net/anime/37435/Carole___Tuesday
11,Nande Koko ni Sensei ga!?,TV (New),6.76,#4722,#1284,"76,785",https://myanimelist.net/anime/38397/Nande_Koko_ni_Sensei_ga
12,Midara na Ao-chan wa Benkyou ga Dekinai,TV (New),6.78,#4628,#1544,"59,908",https://myanimelist.net/anime/38778/Midara_na_Ao-chan_wa_Benkyou_ga_Dekinai
13,Hitoribocchi no Marumaru Seikatsu,TV (New),7.49,#1710,#1575,"58,069",https://myanimelist.net/anime/37614/Hitoribocchi_no_Marumaru_Seikatsu
14,Senryuu Shoujo,TV (New),7.31,#2464,#1698,"52,266",https://myanimelist.net/anime/38787/Senryuu_Shoujo
15,Sarazanmai,TV (New),7.26,#2708,#1911,"44,549",https://myanimelist.net/anime/37426/Sarazanmai
16,Gunjou no Magmel,TV (New),6.67,#5154,#1927,"43,842",https://myanimelist.net/anime/37806/Gunjou_no_Magmel
17,Kono Oto Tomare!,TV (New),7.56,#1528,#2024,"40,238",https://myanimelist.net/anime/38080/Kono_Oto_Tomare
18,Shoumetsu Toshi,TV (New),5.41,#9676,#2078,"38,552",https://myanimelist.net/anime/37952/Shoumetsu_Toshi
19,Kono Yo no Hate de Koi wo Utau Shoujo YU-NO,TV (New),6.35,#6675,#2090,"38,238",https://myanimelist.net/anime/34620/Kono_Yo_no_Hate_de_Koi_wo_Utau_Shoujo_YU-NO
20,Nobunaga-sensei no Osanazuma,TV (New),5.66,#9012,#2538,"27,335",https://myanimelist.net/anime/38814/Nobunaga-sensei_no_Osanazuma
21,Joshikausei,TV (New),5.45,#9559,#2659,"25,110",https://myanimelist.net/anime/38295/Joshikausei
22,Mayonaka no Occult Koumuin,TV (New),6.63,#5311,#2684,"24,829",https://myanimelist.net/anime/37964/Mayonaka_no_Occult_Koumuin
23,Diamond no Ace: Act II,TV (New),8.24,#296,#3216,"17,436",https://myanimelist.net/anime/38731/Diamond_no_Ace__Act_II
24,RobiHachi,TV (New),6.13,#7621,#3363,"15,958",https://myanimelist.net/anime/38707/RobiHachi
25,Araiya-san!: Ore to Aitsu ga Onnayu de!?,TV (New),6.47,#6076,#3452,"15,191",https://myanimelist.net/anime/39337/Araiya-san__Ore_to_Aitsu_ga_Onnayu_de
26,Hachigatsu no Cinderella Nine,TV (New),6.05,#7894,#3782,"12,121",https://myanimelist.net/anime/38091/Hachigatsu_no_Cinderella_Nine
27,Yatogame-chan Kansatsu Nikki,TV (New),6.07,#7841,#4022,"10,458",https://myanimelist.net/anime/37940/Yatogame-chan_Kansatsu_Nikki
28,Mix,TV (New),7.22,#2836,#4409,"8,444",https://myanimelist.net/anime/38098/Mix
29,Strike Witches: 501 Butai Hasshin Shimasu!,TV (New),5.47,#9537,#4500,"7,985",https://myanimelist.net/anime/38004/Strike_Witches__501_Butai_Hasshin_Shimasu
30,Choukadou Girl â,TV (New),5.80,#8622,#4565,"7,737",https://myanimelist.net/anime/38226/Choukadou_Girl_â
31,Namu Amida Butsu!: Rendai Utena,TV (New),5.54,#9361,#4629,"7,478",https://myanimelist.net/anime/38150/Namu_Amida_Butsu__Rendai_Utena
32,Hangyakusei Million Arthur 2nd Season,TV (New),6.35,#6711,#4868,"6,586",https://myanimelist.net/anime/38268/Hangyakusei_Million_Arthur_2nd_Season
33,Bakumatsu: Crisis,TV (New),5.56,#9294,#4878,"6,540",https://myanimelist.net/anime/38860/Bakumatsu__Crisis
34,Cinderella Girls Gekijou: Climax Season,TV (New),6.44,#6207,#7739,"1,871",https://myanimelist.net/anime/38767/Cinderella_Girls_Gekijou__Climax_Season
35,Aikatsu Friends!: Kagayaki no Jewel,TV (New),6.96,#3899,#8085,"1,578",https://myanimelist.net/anime/39078/Aikatsu_Friends__Kagayaki_no_Jewel
36,Jimoto ga Japan,TV (New),5.63,#11889,#8537,"1,313",https://myanimelist.net/anime/38881/Jimoto_ga_Japan
37,Cinderella Girls Gekijou: Kayou Cinderella Theater 4th Season,TV (New),6.33,#6752,#8888,"1,108",https://myanimelist.net/anime/39654/Cinderella_Girls_Gekijou__Kayou_Cinderella_Theater_4th_Season
38,Cardfight!! Vanguard: Zoku Koukousei-hen,TV (New),6.73,#4857,#9177,961,https://myanimelist.net/anime/39244/Cardfight_Vanguard__Zoku_Koukousei-hen
39,Beyblade Burst Gachi,TV (New),6.43,#6253,#9277,914,https://myanimelist.net/anime/39282/Beyblade_Burst_Gachi
40,King of Prism: Shiny Seven Stars,TV (New),6.57,#5482,#9987,643,https://myanimelist.net/anime/39699/King_of_Prism__Shiny_Seven_Stars
41,Kiratto Priâchan 2nd Season,TV (New),6.48,#12148,#9982,640,https://myanimelist.net/anime/38804/Kiratto_Priâchan_2nd_Season
42,Youkai Watch!,TV (New),6.21,#14038,#10969,402,https://myanimelist.net/anime/39277/Youkai_Watch
43,Duel Masters!!,TV (New),4.73,#11319,#10961,401,https://myanimelist.net/anime/39039/Duel_Masters
44,Watanuki-san Chi no,TV (New),4.33,#13914,#11469,320,https://myanimelist.net/anime/39668/Watanuki-san_Chi_no
45,TV Yarou Nanaana: Wakuwaku Doukutsu Land,TV (New),5.99,#8103,#11558,304,https://myanimelist.net/anime/39581/TV_Yarou_Nanaana__Wakuwaku_Doukutsu_Land
46,Shounen Ashibe: Go! Go! Goma-chan 4,TV (New),5.63,#13392,#11707,284,https://myanimelist.net/anime/39457/Shounen_Ashibe__Go_Go_Goma-chan_4
47,B Rappers Street,TV (New),5.67,#10959,#11762,276,https://myanimelist.net/anime/39031/B_Rappers_Street
48,Kedama no Gonjirou,TV (New),5.53,#12057,#12918,185,https://myanimelist.net/anime/39040/Kedama_no_Gonjirou
49,Bakugan: Battle Planet,TV (New),5.20,#10973,#14182,124,https://myanimelist.net/anime/39622/Bakugan__Battle_Planet
50,Neko no Nyagh: Nya MisÃ©rables,TV (New),7.00,#12707,#15207,70,https://myanimelist.net/anime/38908/Neko_no_Nyagh__Nya_MisÃ©rables
51,Daifuku-kun@Kin Tele 2nd Season,TV (New),5.67,#11231,#15678,26,https://myanimelist.net/anime/39635/Daifuku-kunKin_Tele_2nd_Season
52,Zhu Zhu Xia: Konglong Riji,TV (New),N/A,#14125,#15734,18,https://myanimelist.net/anime/39798/Zhu_Zhu_Xia__Konglong_Riji
53,Gifu no Tatekayoko,TV (New),N/A,#11491,#15742,13,https://myanimelist.net/anime/39664/Gifu_no_Tatekayoko
54,One Piece,TV (Continuing),8.53,#93,#36,"853,095",https://myanimelist.net/anime/21/One_Piece
55,Black Clover,TV (Continuing),7.03,#3594,#207,"362,521",https://myanimelist.net/anime/34572/Black_Clover
56,Tate no Yuusha no Nariagari,TV (Continuing),8.28,#265,#215,"356,495",https://myanimelist.net/anime/35790/Tate_no_Yuusha_no_Nariagari
57,Boruto: Naruto Next Generations,TV (Continuing),6.71,#4943,#299,"292,327",https://myanimelist.net/anime/34566/Boruto__Naruto_Next_Generations
58,Dororo,TV (Continuing),8.49,#110,#319,"271,465",https://myanimelist.net/anime/37520/Dororo
59,Detective Conan,TV (Continuing),8.25,#290,#544,"180,668",https://myanimelist.net/anime/235/Detective_Conan
60,Fairy Tail: Final Series,TV (Continuing),8.21,#320,#616,"161,162",https://myanimelist.net/anime/35972/Fairy_Tail__Final_Series
61,JoJo no Kimyou na Bouken Part 5: Ougon no Kaze,TV (Continuing),8.80,#29,#624,"159,557",https://myanimelist.net/anime/37991/JoJo_no_Kimyou_na_Bouken_Part_5__Ougon_no_Kaze
62,Karakuri Circus,TV (Continuing),7.13,#3206,#1823,"47,573",https://myanimelist.net/anime/37447/Karakuri_Circus
63,Crayon Shin-chan,TV (Continuing),7.74,#1022,#2018,"40,256",https://myanimelist.net/anime/966/Crayon_Shin-chan
64,Pokemon Sun & Moon,TV (Continuing),6.83,#4380,#2107,"37,800",https://myanimelist.net/anime/34034/Pokemon_Sun___Moon
65,Gegege no Kitarou (2018),TV (Continuing),6.79,#4573,#2459,"28,784",https://myanimelist.net/anime/37140/Gegege_no_Kitarou_2018
66,YuâGiâOh! VRAINS,TV (Continuing),6.65,#5283,#2883,"21,823",https://myanimelist.net/anime/34866/YuâGiâOh_VRAINS
67,Gudetama,TV (Continuing),7.28,#2575,#4873,"6,562",https://myanimelist.net/anime/23539/Gudetama
68,Inazuma Eleven: Orion no Kokuin,TV (Continuing),7.23,#2783,#4938,"6,372",https://myanimelist.net/anime/38235/Inazuma_Eleven__Orion_no_Kokuin
69,Doraemon (2005),TV (Continuing),7.54,#1559,#4963,"6,295",https://myanimelist.net/anime/8687/Doraemon_2005
70,Cardfight!! Vanguard (2018),TV (Continuing),7.11,#3270,#5796,"4,287",https://myanimelist.net/anime/37476/Cardfight_Vanguard_2018
71,Nintama Rantarou,TV (Continuing),7.15,#3140,#6174,"3,660",https://myanimelist.net/anime/1199/Nintama_Rantarou
72,StarâTwinkle Precure,TV (Continuing),7.26,#2669,#6187,"3,644",https://myanimelist.net/anime/38578/StarâTwinkle_Precure
73,Zoids Wild,TV (Continuing),5.64,#9103,#6248,"3,535",https://myanimelist.net/anime/37395/Zoids_Wild
74,Sazae-san,TV (Continuing),6.26,#7078,#6404,"3,337",https://myanimelist.net/anime/2406/Sazae-san
75,Chibi Maruko-chan (1995),TV (Continuing),7.29,#2518,#7439,"2,128",https://myanimelist.net/anime/6149/Chibi_Maruko-chan_1995
76,Bonobono (2016),TV (Continuing),6.46,#6117,#7743,"1,867",https://myanimelist.net/anime/32353/Bonobono_2016
77,Shinkansen Henkei Robo Shinkalion The Animation,TV (Continuing),6.18,#7413,#7844,"1,779",https://myanimelist.net/anime/36531/Shinkansen_Henkei_Robo_Shinkalion_The_Animation
78,Sore Ike! Anpanman,TV (Continuing),6.57,#5654,#8222,"1,494",https://myanimelist.net/anime/1960/Sore_Ike_Anpanman
79,Ojarumaru,TV (Continuing),6.36,#6639,#9287,909,https://myanimelist.net/anime/4459/Ojarumaru
80,Yasamura Yasashi no Yasashii Sekai,TV (Continuing),5.52,#9410,#9669,749,https://myanimelist.net/anime/33933/Yasamura_Yasashi_no_Yasashii_Sekai
81,Yodel no Onna,TV (Continuing),5.64,#9102,#9825,687,https://myanimelist.net/anime/36409/Yodel_no_Onna
82,Puzzle & Dragon,TV (Continuing),5.56,#13105,#10012,628,https://myanimelist.net/anime/37096/Puzzle___Dragon
83,Neko Konogoro,TV (Continuing),4.25,#12698,#10218,573,https://myanimelist.net/anime/33398/Neko_Konogoro
84,Neko no Robu,TV (Continuing),5.64,#12708,#10253,565,https://myanimelist.net/anime/35478/Neko_no_Robu
85,Asa da yo! Kaishain,TV (Continuing),4.53,#10924,#10533,493,https://myanimelist.net/anime/33044/Asa_da_yo_Kaishain
86,Usagi no Matthew,TV (Continuing),5.35,#13857,#10593,483,https://myanimelist.net/anime/37467/Usagi_no_Matthew
87,Kamiusagi Rope: Warau Asa ni wa Fukuraitaru tte Maji ssuka!?,TV (Continuing),5.68,#12011,#10598,482,https://myanimelist.net/anime/30151/Kamiusagi_Rope__Warau_Asa_ni_wa_Fukuraitaru_tte_Maji_ssuka
88,Knyacki!,TV (Continuing),6.24,#7158,#10675,465,https://myanimelist.net/anime/7505/Knyacki
89,Neko to Mata,TV (Continuing),5.68,#12711,#10845,425,https://myanimelist.net/anime/35444/Neko_to_Mata
90,Nyanpuku Nyaruma,TV (Continuing),4.03,#12812,#10993,397,https://myanimelist.net/anime/24403/Nyanpuku_Nyaruma
91,Oshiri Tantei,TV (Continuing),5.53,#12922,#11167,368,https://myanimelist.net/anime/35656/Oshiri_Tantei
92,Shiawase Haitatsu Taneko,TV (Continuing),5.56,#13295,#11205,360,https://myanimelist.net/anime/10506/Shiawase_Haitatsu_Taneko
93,Hinomaru!,TV (Continuing),6.05,#11709,#11319,342,https://myanimelist.net/anime/36231/Hinomaru
94,Kirakira HappyâHirake! Cocotama,TV (Continuing),6.02,#12146,#11346,337,https://myanimelist.net/anime/37968/Kirakira_HappyâHirake_Cocotama
95,Hanakappa,TV (Continuing),6.02,#11584,#11459,316,https://myanimelist.net/anime/8336/Hanakappa
96,Aware! Meisaku-kun,TV (Continuing),4.38,#10948,#11549,304,https://myanimelist.net/anime/32956/Aware_Meisaku-kun
97,Kekkero Ke,TV (Continuing),5.10,#12061,#11715,281,https://myanimelist.net/anime/37359/Kekkero_Ke
98,Mannaka no Rikkun@Kin Tele,TV (Continuing),6.08,#12440,#11790,272,https://myanimelist.net/anime/37560/Mannaka_no_RikkunKin_Tele
99,Akita Kenritsu Iburi Gakkou Chuutou-bu,TV (Continuing),4.09,#10855,#12078,244,https://myanimelist.net/anime/35226/Akita_Kenritsu_Iburi_Gakkou_Chuutou-bu
100,Tama & Friends: Uchi no Tama Shirimasenka?,TV (Continuing),6.90,#13611,#12223,232,https://myanimelist.net/anime/32663/Tama___Friends__Uchi_no_Tama_Shirimasenka
101,Panda no Taputapu,TV (Continuing),5.73,#12969,#12328,222,https://myanimelist.net/anime/13463/Panda_no_Taputapu
102,Shimajirou no Wow!,TV (Continuing),5.77,#13314,#12451,214,https://myanimelist.net/anime/18941/Shimajirou_no_Wow
103,Tomodachi 8-nin,TV (Continuing),5.29,#13744,#12455,214,https://myanimelist.net/anime/13457/Tomodachi_8-nin
104,Gohan Kaijuu Pap,TV (Continuing),4.67,#11513,#12484,211,https://myanimelist.net/anime/22669/Gohan_Kaijuu_Pap
105,Kyou mo Tsuno ga Aru,TV (Continuing),7.13,#12297,#12488,211,https://myanimelist.net/anime/39003/Kyou_mo_Tsuno_ga_Aru
106,Mori no Ratio,TV (Continuing),6.15,#12596,#12543,207,https://myanimelist.net/anime/29427/Mori_no_Ratio
107,Straw Byururu,TV (Continuing),5.65,#9072,#12548,207,https://myanimelist.net/anime/29429/Straw_Byururu
108,Pikachin-Kit,TV (Continuing),5.38,#13023,#12567,207,https://myanimelist.net/anime/36552/Pikachin-Kit
109,Aigan Kaijuu,TV (Continuing),4.06,#10846,#12572,206,https://myanimelist.net/anime/38365/Aigan_Kaijuu
110,Yowamushi Monsters,TV (Continuing),5.88,#14047,#12975,182,https://myanimelist.net/anime/30119/Yowamushi_Monsters
111,Panpaka Pants O New-san,TV (Continuing),5.00,#12977,#13098,176,https://myanimelist.net/anime/35112/Panpaka_Pants_O_New-san
112,Eddie the Fast Break,TV (Continuing),5.23,#11327,#13111,174,https://myanimelist.net/anime/29431/Eddie_the_Fast_Break
113,Mr. Shadow,TV (Continuing),5.00,#12615,#13583,151,https://myanimelist.net/anime/39029/Mr_Shadow
114,Robot Pulta,TV (Continuing),5.76,#13152,#13847,139,https://myanimelist.net/anime/29375/Robot_Pulta
115,Liv & Bell,TV (Continuing),5.93,#12349,#13887,136,https://myanimelist.net/anime/29421/Liv___Bell
116,Uchi no Oochopus,TV (Continuing),6.71,#13818,#13927,134,https://myanimelist.net/anime/37002/Uchi_no_Oochopus
117,Teach,TV (Continuing),7.33,#13644,#13981,131,https://myanimelist.net/anime/29425/Teach
118,Beads no Mori no Rabi,TV (Continuing),4.43,#10989,#14053,127,https://myanimelist.net/anime/35697/Beads_no_Mori_no_Rabi
119,Manul no Yuube,TV (Continuing),4.17,#12441,#14146,123,https://myanimelist.net/anime/38776/Manul_no_Yuube
120,Otoppe,TV (Continuing),5.08,#12940,#14258,118,https://myanimelist.net/anime/35372/Otoppe
121,Konigiri-kun,TV (Continuing),5.36,#12216,#14274,117,https://myanimelist.net/anime/35696/Konigiri-kun
122,Keito no Yousei: Knit to Wool,TV (Continuing),5.30,#12059,#14386,111,https://myanimelist.net/anime/35695/Keito_no_Yousei__Knit_to_Wool
123,Oidon to,TV (Continuing),5.09,#12843,#14413,110,https://myanimelist.net/anime/35698/Oidon_to
124,Fuwafuwa Hour: Pui Pui & Muu Muu,TV (Continuing),5.60,#11422,#14499,105,https://myanimelist.net/anime/36506/Fuwafuwa_Hour__Pui_Pui___Muu_Muu
125,Mono-darake!,TV (Continuing),6.13,#12583,#14589,101,https://myanimelist.net/anime/35699/Mono-darake
126,Korogashi-ya no Pun,TV (Continuing),4.82,#12228,#14653,98,https://myanimelist.net/anime/35700/Korogashi-ya_no_Pun
127,Unicorn no Kyupi,TV (Continuing),5.89,#13852,#14702,96,https://myanimelist.net/anime/34990/Unicorn_no_Kyupi
128,Working Boys,TV (Continuing),7.50,#13938,#14791,92,https://myanimelist.net/anime/37343/Working_Boys
129,Ice Kuritarou,TV (Continuing),7.44,#11799,#14842,90,https://myanimelist.net/anime/37951/Ice_Kuritarou
130,Washimo 6th Season,TV (Continuing),6.29,#13911,#14962,84,https://myanimelist.net/anime/37630/Washimo_6th_Season
131,Zhu Zhu Xia: Jing Qiu Xiao Yingxiong,TV (Continuing),5.00,#14123,#15135,74,https://myanimelist.net/anime/38138/Zhu_Zhu_Xia__Jing_Qiu_Xiao_Yingxiong
132,Pakkororin,TV (Continuing),7.75,#12965,#15245,68,https://myanimelist.net/anime/38099/Pakkororin
133,Kkoma Bus Tayo 5,TV (Continuing),5.40,#12175,#15262,67,https://myanimelist.net/anime/38631/Kkoma_Bus_Tayo_5
134,Reizouko no Tsukenosuke!,TV (Continuing),7.60,#13128,#15266,67,https://myanimelist.net/anime/38451/Reizouko_no_Tsukenosuke
135,Capsule Boy 2: Ujuleul Jikyeola,TV (Continuing),4.73,#11071,#15413,58,https://myanimelist.net/anime/39012/Capsule_Boy_2__Ujuleul_Jikyeola
136,Chuldong! Super Wings 3,TV (Continuing),5.50,#11179,#15658,29,https://myanimelist.net/anime/39820/Chuldong_Super_Wings_3
137,Miru Tights,ONA,7.42,#1942,#3081,"19,147",https://myanimelist.net/anime/38935/Miru_Tights
138,Ookami to Koushinryou VR,ONA,N/A,N/A,#4034,"10,397",https://myanimelist.net/anime/38026/Ookami_to_Koushinryou_VR
139,7 Seeds,ONA,N/A,N/A,#4104,"10,044",https://myanimelist.net/anime/38735/7_Seeds
140,Ultraman,ONA,7.09,#3400,#4127,"9,939",https://myanimelist.net/anime/36871/Ultraman
141,Aggressive Retsuko (ONA) 2nd Season,ONA,N/A,N/A,#4579,"7,652",https://myanimelist.net/anime/37985/Aggressive_Retsuko_ONA_2nd_Season
142,Rilakkuma to Kaoru-san,ONA,7.84,#834,#7126,"2,469",https://myanimelist.net/anime/35777/Rilakkuma_to_Kaoru-san
143,Chokotto Anime Kemono Friends 3,ONA,6.08,#7785,#8956,"1,067",https://myanimelist.net/anime/39653/Chokotto_Anime_Kemono_Friends_3
144,Kouya no Kotobuki Hikoutai Gaiden: Oozora no Harukaze Hikoutai,ONA,7.25,#12247,#9904,712,https://myanimelist.net/anime/39589/Kouya_no_Kotobuki_Hikoutai_Gaiden__Oozora_no_Harukaze_Hikoutai
145,Doupo Cangqiong 2nd Season Specials,ONA,7.18,#2984,#10470,512,https://myanimelist.net/anime/39178/Doupo_Cangqiong_2nd_Season_Specials
146,Chikin Ramen x Gudetama,ONA,4.68,#11144,#11341,339,https://myanimelist.net/anime/39659/Chikin_Ramen_x_Gudetama
147,"Hi no Tori ""Dougo Onsen-hen""",ONA,N/A,N/A,#12211,233,https://myanimelist.net/anime/39663/Hi_no_Tori_Dougo_Onsen-hen
148,Ling Long: Incarnation,ONA,N/A,N/A,#13304,169,https://myanimelist.net/anime/39675/Ling_Long__Incarnation
149,Essential Free & Easy Cool Wax Danshi,ONA,4.85,#10442,#13692,146,https://myanimelist.net/anime/39650/Essential_Free___Easy_Cool_Wax_Danshi
150,Meichuxi De Yinyangshi Yijia,ONA,8.14,#12480,#13750,143,https://myanimelist.net/anime/39678/Meichuxi_De_Yinyangshi_Yijia
151,Niigata no Edamame-ou Shiba,ONA,4.58,#12734,#14257,125,https://myanimelist.net/anime/39696/Niigata_no_Edamame-ou_Shiba
152,Qin Shi Ming Yue: Tian Xing Jiu Ge 2nd Season,ONA,8.50,#13113,#14361,113,https://myanimelist.net/anime/39823/Qin_Shi_Ming_Yue__Tian_Xing_Jiu_Ge_2nd_Season
153,"Taka no Tsume-dan Yoshida Presents ""Sengoku Taiga"" no Susume",ONA,5.43,#13602,#15322,67,https://myanimelist.net/anime/39762/Taka_no_Tsume-dan_Yoshida_Presents_Sengoku_Taiga_no_Susume
154,Ganbare! Kakure Ase Project,ONA,5.86,#11445,#15348,74,https://myanimelist.net/anime/39840/Ganbare_Kakure_Ase_Project
155,Taka no Tsume x Johnson: Tatakae! Jokin Shitennou,ONA,5.67,#13600,#15410,59,https://myanimelist.net/anime/39839/Taka_no_Tsume_x_Johnson__Tatakae_Jokin_Shitennou
156,Onna Maou Melissa no H na Boukenki,ONA,4.00,N/A,#15730,32,https://myanimelist.net/anime/39842/Onna_Maou_Melissa_no_H_na_Boukenki
157,Fate/Kaleid Liner PrismaâIllya: PrismaâPhantasm,OVA,N/A,N/A,#5129,"5,822",https://myanimelist.net/anime/38897/Fate_Kaleid_Liner_PrismaâIllya__PrismaâPhantasm
158,Kyochuu Rettou,OVA,N/A,N/A,#6532,"3,185",https://myanimelist.net/anime/38915/Kyochuu_Rettou
159,Bean Bandit,OVA,N/A,N/A,#7481,"2,089",https://myanimelist.net/anime/37483/Bean_Bandit
160,Aikagi The Animation,OVA,6.96,N/A,#8758,"1,190",https://myanimelist.net/anime/39085/Aikagi_The_Animation
161,Tsuma ga Kirei ni Natta Wake,OVA,6.57,N/A,#8901,"1,104",https://myanimelist.net/anime/38798/Tsuma_ga_Kirei_ni_Natta_Wake
162,Ano Danchi no Tsuma-tachi wa... The Animation,OVA,6.71,N/A,#9372,875,https://myanimelist.net/anime/39068/Ano_Danchi_no_Tsuma-tachi_wa_The_Animation
163,Megane no Megami,OVA,N/A,N/A,#10432,516,https://myanimelist.net/anime/39058/Megane_no_Megami
164,Shoujo Kyouiku RE,OVA,8.29,N/A,#10987,398,https://myanimelist.net/anime/39299/Shoujo_Kyouiku_RE
165,"Tenioha! 2: Nee, Motto Ecchi na Koto Ippai Shiyo? The Animation",OVA,N/A,N/A,#11927,283,https://myanimelist.net/anime/39640/Tenioha_2__Nee_Motto_Ecchi_na_Koto_Ippai_Shiyo_The_Animation
166,Hime-sama Love Life!,OVA,N/A,N/A,#15729,25,https://myanimelist.net/anime/39471/Hime-sama_Love_Life
167,Sakuramiya Shimai no Netorare Kiroku,OVA,N/A,N/A,#15739,22,https://myanimelist.net/anime/39526/Sakuramiya_Shimai_no_Netorare_Kiroku
168,Master Piece The Animation,OVA,N/A,N/A,#15745,18,https://myanimelist.net/anime/39392/Master_Piece_The_Animation
169,Seishun Buta Yarou wa Yumemiru Shoujo no Yume wo Minai,Movie,N/A,N/A,#1633,"55,510",https://myanimelist.net/anime/38329/Seishun_Buta_Yarou_wa_Yumemiru_Shoujo_no_Yume_wo_Minai
170,Koutetsujou no Kabaneri Movie 3: Unato Kessen,Movie,8.06,#496,#2521,"27,796",https://myanimelist.net/anime/34544/Koutetsujou_no_Kabaneri_Movie_3__Unato_Kessen
171,Promare,Movie,8.07,#13092,#2730,"24,231",https://myanimelist.net/anime/35848/Promare
172,Cencoroll 2,Movie,N/A,N/A,#2867,"22,101",https://myanimelist.net/anime/9488/Cencoroll_2
173,Hibike! Euphonium Movie 3: Chikai no Finale,Movie,7.63,#1298,#3164,"18,033",https://myanimelist.net/anime/35678/Hibike_Euphonium_Movie_3__Chikai_no_Finale
174,"Kimi to, Nami ni Noretara",Movie,N/A,N/A,#3735,"12,455",https://myanimelist.net/anime/38594/Kimi_to_Nami_ni_Noretara
175,Hakubo,Movie,7.67,#11567,#4682,"7,223",https://myanimelist.net/anime/34972/Hakubo
176,Girls & Panzer: Saishuushou Part 2,Movie,N/A,N/A,#4687,"7,209",https://myanimelist.net/anime/38081/Girls___Panzer__Saishuushou_Part_2
177,Kaijuu no Kodomo,Movie,N/A,N/A,#4793,"6,850",https://myanimelist.net/anime/37981/Kaijuu_no_Kodomo
178,Birthday Wonderland,Movie,6.84,#11007,#5290,"5,378",https://myanimelist.net/anime/38985/Birthday_Wonderland
179,Uta noâPrince-samaâª Maji Love Kingdom Movie,Movie,N/A,N/A,#5379,"5,139",https://myanimelist.net/anime/35645/Uta_noâPrince-samaâª_Maji_Love_Kingdom_Movie
180,Detective Conan Movie 23: The Fist of Blue Sapphire,Movie,7.40,#2064,#5587,"4,700",https://myanimelist.net/anime/38770/Detective_Conan_Movie_23__The_Fist_of_Blue_Sapphire
181,Soukyuu no Fafner: Dead Aggressor - The Beyond,Movie,7.45,#13506,#6035,"3,868",https://myanimelist.net/anime/34649/Soukyuu_no_Fafner__Dead_Aggressor_-_The_Beyond
182,Lupin the IIIrd: Mine Fujiko no Uso,Movie,N/A,N/A,#6306,"3,450",https://myanimelist.net/anime/39487/Lupin_the_IIIrd__Mine_Fujiko_no_Uso
183,Frame Arms Girl Movie: Kyakkya Ufufu na Wonderland,Movie,N/A,N/A,#6520,"3,203",https://myanimelist.net/anime/37600/Frame_Arms_Girl_Movie__Kyakkya_Ufufu_na_Wonderland
184,Ta ga Tame no Alchemist,Movie,N/A,N/A,#6578,"3,130",https://myanimelist.net/anime/37262/Ta_ga_Tame_no_Alchemist
185,Laidbackers,Movie,6.75,#12308,#7320,"2,259",https://myanimelist.net/anime/38558/Laidbackers
186,Pandora to Akubi,Movie,7.47,#12971,#8446,"1,366",https://myanimelist.net/anime/39249/Pandora_to_Akubi
187,Tannishou wo Hiraku,Movie,1.00,#13622,#10268,568,https://myanimelist.net/anime/39479/Tannishou_wo_Hiraku
188,Crayon Shin-chan Movie 27: Shinkon Ryokou Hurricane - Ushinawareta Hiroshi,Movie,7.00,#11220,#10524,497,https://myanimelist.net/anime/38629/Crayon_Shin-chan_Movie_27__Shinkon_Ryokou_Hurricane_-_Ushinawareta_Hiroshi
189,King of Prism: Shiny Seven Stars III - Leo x Yuu x Alexander,Movie,6.12,#12136,#11000,396,https://myanimelist.net/anime/38647/King_of_Prism__Shiny_Seven_Stars_III_-_Leo_x_Yuu_x_Alexander
190,King of Prism: Shiny Seven Stars IV - Louis x Shin x Unknown,Movie,6.50,#12137,#11153,370,https://myanimelist.net/anime/38648/King_of_Prism__Shiny_Seven_Stars_IV_-_Louis_x_Shin_x_Unknown
191,Dayan to Tama to Tobi Neko to: 3-tsu no Neko no Monogatari,Movie,5.67,#11254,#14264,118,https://myanimelist.net/anime/39351/Dayan_to_Tama_to_Tobi_Neko_to__3-tsu_no_Neko_no_Monogatari
192,Sore Ike! Anpanman: Kirameke! Ice no Kuni no Vanilla-hime,Movie,N/A,N/A,#14684,98,https://myanimelist.net/anime/39002/Sore_Ike_Anpanman__Kirameke_Ice_no_Kuni_no_Vanilla-hime
193,One Punch Man 2nd Season Commemorative Special,Special,6.67,#5175,#3243,"17,126",https://myanimelist.net/anime/39652/One_Punch_Man_2nd_Season_Commemorative_Special
194,Poputepipikku Special,Special,7.59,#1430,#3303,"16,514",https://myanimelist.net/anime/37596/Poputepipikku_Special
195,Uchi no Maid ga Uzasugiru!: Uchi no Maid wa Yappari Mou Honto Uzainda naa...,Special,7.03,#3640,#4653,"7,406",https://myanimelist.net/anime/39606/Uchi_no_Maid_ga_Uzasugiru__Uchi_no_Maid_wa_Yappari_Mou_Honto_Uzainda_naa
196,Watashi ni Tenshi ga Maiorita! Special,Special,7.30,#2514,#4835,"7,187",https://myanimelist.net/anime/38999/Watashi_ni_Tenshi_ga_Maiorita_Special
197,MÃ¤rchen MÃ¤dchen Specials,Special,5.99,#8091,#6206,"3,625",https://myanimelist.net/anime/37973/MÃ¤rchen_MÃ¤dchen_Specials
198,Virtual-san wa Miteiru Specials,Special,6.43,#13878,#10621,480,https://myanimelist.net/anime/38998/Virtual-san_wa_Miteiru_Specials
199,Genji Fantasy: Neko ga Hikaru Genji ni Koi wo Shita,Special,5.83,#11475,#11946,263,https://myanimelist.net/anime/39272/Genji_Fantasy__Neko_ga_Hikaru_Genji_ni_Koi_wo_Shita
